{"cameraMode":{"drawMode":0,"name":"Shaded","section":"Shading Mode"},"sceneLighting":true,"audioPlay":false,"sceneViewState":{"m_AlwaysRefresh":false,"showFog":true,"showSkybox":true,"showFlares":true,"showImageEffects":true,"showParticleSystems":true,"showVisualEffectGraphs":true,"m_FxEnabled":true},"in2DMode":false,"pivot":{"x":0.3869999945163727,"y":2.115000009536743,"z":-9.668000221252442},"rotation":{"x":-0.007475856691598892,"y":0.08090896904468537,"z":0.0006050927331671119,"w":0.9966971278190613},"size":0.6062179803848267,"orthographic":false}